Designator,Footprint,Quantity,Value,LCSC Part #
"C1, C3, C4",0805,3,10uF,
C2,0805,1,1uF,
C5,0805,1,0.1uF,
"D1, D2",DIOM5025X220N,2,SS34,
"D3, D4, D5, D6, D7, D8",LED_D10.0mm,6,LED,
IC1,SOP65P490X110-13N,1,LT3652EMSE#PBF,
J1,JST_PH_B2B-PH-SM4-TB_1x02-1MP_P2.00mm_Vertical,1,Solar In,
J2,JST_GH_SM03B-GHS-TB_1x03-1MP_P1.25mm_Horizontal,1,Battery,
L1,L_7.3x7.3_H3.5,1,L,
R1,0805,1,68k,
"R10, R8",0805,2,10k,
R11,0805,1,56k,
"R2, R9",0805,2,100k,
R3,0805,1,160k,
R4,0805,1,200k,
R5,0805,1,820k,
R6,2512,1,0.05,
R7,0805,1,6.8k,
RV1,3362P_1,1,10K,
U1,SOP65P490X110-8N,1,AD8542ARMZ,
U2,SOIC-8_3.9x4.9mm_P1.27mm,1,TLC555xD,
U3,SOT95P275X110-6N,1,MAX1916EZT+T,
